{
	"textures": {
		"1": "yw-pillar:item/christmas_hat"
	},
	"elements": [
		{
			"from": [5.5, 7, 4.5],
			"to": [10.5, 9, 11.5],
			"faces": {
				"north": {
					"uv": [8.5, 10, 11, 11],
					"texture": "#1"
				},
				"east": {
					"uv": [13.5, 6.5, 14.5, 10],
					"rotation": 90,
					"texture": "#1"
				},
				"south": {
					"uv": [11, 10, 13.5, 11],
					"texture": "#1"
				},
				"west": {
					"uv": [13.5, 10, 14.5, 6.5],
					"rotation": 90,
					"texture": "#1"
				},
				"up": {
					"uv": [11, 10, 13.5, 6.5],
					"texture": "#1"
				},
				"down": {
					"uv": [13.5, 10, 16, 13.5],
					"texture": "#1"
				}
			}
		}
	],
	"display": {
		"thirdperson_righthand": {
			"rotation": [15, 0, 0],
			"translation": [0, 1.21921, 1.26579],
			"scale": [0.5, 0.5, 0.5]
		},
		"thirdperson_lefthand": {
			"rotation": [15, 0, 0],
			"translation": [0, 1.21921, 1.26579],
			"scale": [0.5, 0.5, 0.5]
		},
		"firstperson_righthand": {
			"rotation": [18.11321, 33.64409, -10.27206],
			"translation": [0.86942, 3.71921, 1.24166],
			"scale": [0.5, 0.5, 0.5]
		},
		"firstperson_lefthand": {
			"rotation": [18.11321, 33.64409, -10.27206],
			"translation": [0.86942, 3.71921, 1.24166],
			"scale": [0.5, 0.5, 0.5]
		},
		"ground": {
			"rotation": [15, 0, 0],
			"translation": [0, -0.28079, 1.51579],
			"scale": [0.5, 0.5, 0.5]
		},
		"gui": {
			"rotation": [90, 75, -90],
			"translation": [0.53157, -0.56158, 0],
			"scale": [1, 1, 1]
		},
		"head": {
			"rotation": [15, 0, 0],
			"translation": [0, 9.4357, 4.39578],
			"scale": [1.45, 1.45, 1.45]
		},
		"fixed": {
			"rotation": [90, 75, -90],
			"translation": [3.03157, -0.56158, -4.25],
			"scale": [1, 1, 1]
		}
	}
}