{
	"textures": {
		"1": "yw-pillar:item/christmas_hat"
	},
	"elements": [
		{
			"from": [6, 6, 6],
			"to": [10, 10, 10],
			"faces": {
				"north": {
					"uv": [2, 13, 4, 15],
					"texture": "#1"
				},
				"east": {
					"uv": [2, 13, 4, 15],
					"texture": "#1"
				},
				"south": {
					"uv": [2, 13, 4, 15],
					"texture": "#1"
				},
				"west": {
					"uv": [2, 13, 4, 15],
					"texture": "#1"
				},
				"up": {
					"uv": [0, 13, 2, 15],
					"texture": "#1"
				},
				"down": {
					"uv": [4, 13, 6, 15],
					"texture": "#1"
				}
			}
		}
	],
	"display": {
		"thirdperson_righthand": {
			"rotation": [16.57212, -25.4182, 14.24543],
			"translation": [-0.67266, 0.42637, 3.4539],
			"scale": [0.5, 0.5, 0.5]
		},
		"thirdperson_lefthand": {
			"rotation": [16.57212, -25.4182, 14.24543],
			"translation": [-0.67266, 0.42637, 3.4539],
			"scale": [0.5, 0.5, 0.5]
		},
		"firstperson_righthand": {
			"rotation": [15.09151, 8.33359, 4.7283],
			"translation": [1.57346, 2.92637, 3.41988],
			"scale": [0.5, 0.5, 0.5]
		},
		"firstperson_lefthand": {
			"rotation": [15.09151, 8.33359, 4.7283],
			"translation": [1.57346, 2.92637, 3.41988],
			"scale": [0.5, 0.5, 0.5]
		},
		"ground": {
			"rotation": [16.57212, -25.4182, 14.24543],
			"translation": [-0.67266, -1.07363, 3.7039],
			"scale": [0.5, 0.5, 0.5]
		},
		"gui": {
			"rotation": [30.97151, 59.96061, -20.48845],
			"translation": [4.9078, -2.14727, 1.34532],
			"scale": [1, 1, 1]
		},
		"head": {
			"rotation": [16.57212, -25.4182, 14.24543],
			"translation": [-1.95071, 7.13646, 10.74131],
			"scale": [1.45, 1.45, 1.45]
		},
		"fixed": {
			"rotation": [30.97151, 59.96061, -20.48845],
			"translation": [7.4078, -2.14727, -2.90468],
			"scale": [1, 1, 1]
		}
	}
}